{"cameraMode":{"drawMode":0,"name":"Shaded","section":"Shading Mode"},"sceneLighting":false,"audioPlay":false,"sceneViewState":{"showFog":true,"showMaterialUpdate":true,"showSkybox":false,"showFlares":true,"showImageEffects":true,"showParticleSystems":true},"in2DMode":false,"pivot":{"x":0.20000001788139344,"y":0.02536189556121826,"z":9.008757591247559},"rotation":{"x":-0.0038173263892531397,"y":-0.9881609082221985,"z":-0.020346827805042268,"w":0.15330484509468079},"size":0.2170691043138504,"orthographic":false}